	GAME_ID	MATCHUP	WL	LEFT_ELO	RIGHT_ELO
2459	0021700001	BOS @ CLE	L	45.0	175.0
2457	0021700002	HOU @ GSW	W	215.0	185.0
2455	0021700012	PHX vs. POR	L	-245.0	75.0
2454	0021700013	SAC vs. HOU	L	-165.0	357.5
2453	0021700003	DET vs. CHA	W	35.0	-125.0
2452	0021700008	NOP @ MEM	L	-145.0	95.0
2451	0021700004	BKN @ IND	L	-285.0	85.0
2450	0021700011	MIN @ SAS	L	-175.0	275.0
2449	0021700006	WAS vs. PHI	W	155.0	-205.0
2445	0021700009	DAL vs. ATL	L	-155.0	95.0
2443	0021700010	UTA vs. DEN	W	175.0	-85.0
2442	0021700005	MIA @ ORL	L	-75.0	-45.0
2441	0021700007	MIL @ BOS	W	85.0	-97.5
2433	0021700014	CHI @ TOR	L	-75.0	175.0
2432	0021700016	LAL vs. LAC	L	-225.0	175.0
2430	0021700015	NYK @ OKC	L	-175.0	135.0
2427	0021700024	DAL vs. SAC	L	-297.5	-7.5
2426	0021700017	CHA vs. ATL	W	-117.5	87.5
2425	0021700025	NOP vs. GSW	L	-287.5	342.5
2424	0021700023	MIN vs. UTA	W	-167.5	167.5
2423	0021700018	POR @ IND	W	217.5	77.5
2422	0021700021	MIL vs. CLE	L	-72.5	317.5
2421	0021700022	ORL @ BKN	L	-52.5	-277.5
2417	0021700020	WAS vs. DET	W	297.5	-122.5
2414	0021700019	BOS @ PHI	W	-9.17	-347.5
2410	0021700026	PHX vs. LAL	L	-387.5	-217.5
2407	0021700028	CLE vs. ORL	L	229.17	-125.83
2406	0021700033	MEM vs. GSW	W	237.5	265.83
2404	0021700034	POR @ MIL	L	129.17	4.170000000000002
2403	0021700031	SAS @ CHI	W	417.5	-217.5
2402	0021700036	UTA vs. OKC	W	94.17	127.5
2401	0021700032	HOU vs. DAL	W	494.17	-434.16999999999996
2400	0021700037	LAC vs. PHX	W	317.5	-524.1700000000001
2398	0021700030	NYK vs. DET	L	-317.5	104.17
2395	0021700027	TOR vs. PHI	W	317.5	-484.17
2394	0021700029	MIA vs. IND	W	-67.5	-70.83
2392	0021700035	SAC @ DEN	L	-84.17	-77.5
2385	0021700038	BKN vs. ATL	W	-129.17000000000002	-60.83
2384	0021700039	OKC vs. MIN	L	-20.83	-19.17
2381	0021700040	NOP @ LAL	W	-199.17	-144.17000000000002
2379	0021700044	MIL vs. CHA	W	146.67000000000002	-119.17
2378	0021700046	SAS vs. TOR	W	554.1700000000001	4.1699999999999875
2376	0021700041	PHI @ DET	W	-317.92	21.67
2375	0021700042	MIA vs. ATL	W	80.83	-203.32999999999998
2374	0021700048	PHX vs. SAC	W	-357.92	-226.67000000000002
2372	0021700047	WAS @ DEN	W	434.16999999999996	-4.170000000000002
2367	0021700045	GSW @ DAL	W	498.33	-567.92
2366	0021700043	HOU vs. MEM	L	327.92	374.16999999999996
2363	0021700052	MIN vs. IND	L	-26.67	-63.33
2362	0021700054	LAC vs. UTA	W	454.16999999999996	-63.329999999999984
2360	0021700049	CHI @ CLE	L	-354.16999999999996	152.92
2358	0021700053	NOP @ POR	L	-122.91999999999999	52.91999999999999
2357	0021700050	ORL vs. BKN	W	16.67	-136.67000000000002
2355	0021700051	NYK @ BOS	L	-454.16999999999996	142.07999999999998
2351	0021700057	HOU @ PHI	W	249.92000000000002	-239.92000000000002
2350	0021700064	LAL vs. WAS	W	-211.67000000000002	267.91999999999996
2347	0021700063	GSW vs. TOR	W	344.33	77.91999999999999
2346	0021700055	CHA vs. DEN	W	-36.67	-146.67000000000002
2345	0021700060	OKC vs. IND	W	-13.329999999999998	7.670000000000002
2342	0021700058	BKN vs. CLE	W	-207.67000000000002	216.92
2341	0021700062	PHX vs. UTA	W	-204.92000000000002	15.670000000000016
2339	0021700061	MEM @ DAL	L	207.92	-324.91999999999996
2338	0021700059	MIA vs. SAS	L	73.33	687.9200000000001
2336	0021700056	DET vs. MIN	W	25.67	-172.67000000000002
2331	0021700065	CHI vs. ATL	W	37.08000000000001	-342.33
2330	0021700067	MIL vs. BOS	L	-14.329999999999984	288.08
2329	0021700069	NOP @ SAC	W	-186.92	-365.67
2326	0021700066	MEM vs. DAL	W	129.92	-245.74999999999994
2325	0021700068	POR vs. LAC	L	-183.08	587.92
2321	0021700073	NYK vs. BKN	W	-287.91999999999996	-140.17000000000002
2320	0021700072	ATL vs. DEN	L	-479.0	164.32999999999998
2319	0021700074	OKC @ MIN	L	57.67	-165.17000000000002
2318	0021700070	CHA vs. HOU	L	-115.67	386.59000000000003
2317	0021700071	ORL vs. SAS	W	155.67000000000002	294.92
2316	0021700076	LAL vs. TOR	L	-140.67000000000002	81.91999999999999
2312	0021700075	WAS @ GSW	L	114.91999999999996	486.83
2307	0021700079	CHI vs. OKC	L	-109.91999999999999	-9.829999999999998
2306	0021700084	DET @ LAC	W	93.17	344.91999999999996
2305	0021700082	LAL @ UTA	L	-283.17	98.17000000000002
2304	0021700078	BOS @ MIA	W	430.58	-72.67
2301	0021700080	MEM vs. HOU	W	266.59	371.59000000000003
2300	0021700083	POR vs. PHX	W	43.58999999999999	-206.59000000000003
2298	0021700081	PHI @ DAL	W	-226.59000000000003	-380.74999999999994
2293	0021700077	NOP vs. CLE	W	-38.58999999999999	68.58999999999997
2291	0021700085	MIL @ ATL	W	437.34000000000003	-614.0
2290	0021700090	NYK @ CLE	W	-134.91999999999996	-76.41000000000003
2289	0021700091	GSW vs. DET	L	401.83	233.17000000000002
2288	0021700087	DEN @ BKN	W	12.659999999999982	-285.17
2287	0021700089	WAS @ SAC	W	341.59	-502.34000000000003
2285	0021700088	CHA vs. ORL	W	-108.17	67.34
2282	0021700086	SAS @ IND	L	290.75	-59.83
2277	0021700099	TOR @ POR	W	224.42	108.58999999999999
2276	0021700095	HOU vs. PHI	L	220.34000000000003	-151.59000000000003
2275	0021700093	MIN @ MIA	W	-20.170000000000016	-215.17000000000002
2274	0021700092	SAS @ BOS	L	140.75	570.5799999999999
2273	0021700094	DEN @ NYK	L	7.659999999999982	13.410000000000025
2272	0021700100	LAC vs. GSW	L	190.74999999999994	329.95
2271	0021700097	ORL @ NOP	W	-7.659999999999997	-43.58999999999999
2266	0021700096	MEM vs. CHA	L	251.58999999999997	36.83
2265	0021700098	DAL @ UTA	L	-514.5	168.17000000000002
2259	0021700104	LAL vs. DET	W	-273.17	146.29000000000002
2258	0021700103	OKC @ MIL	W	135.17000000000002	127.34000000000002
2257	0021700101	SAC @ IND	L	-637.34	85.17
2255	0021700102	BKN vs. PHX	L	-427.67	-121.59000000000003
2251	0021700112	MEM vs. ORL	L	100.33999999999997	130.46
2250	0021700108	WAS vs. PHX	L	106.58999999999997	-124.71000000000004
2248	0021700116	LAC vs. DAL	W	415.74999999999994	-647.28
2247	0021700115	UTA vs. POR	W	310.67	-38.290000000000006
2246	0021700114	TOR @ DEN	L	214.42	-59.84000000000002
2243	0021700111	NYK vs. HOU	L	-66.58999999999997	222.01000000000005
2242	0021700109	SAC @ BOS	L	-771.09	708.7
2241	0021700106	CLE vs. IND	L	-218.91000000000003	227.67000000000002
2240	0021700105	CHA vs. MIL	W	179.32999999999998	-19.539999999999978
2239	0021700110	MIA vs. CHI	W	-55.170000000000016	-246.58999999999997
2236	0021700113	NOP vs. MIN	L	-186.08999999999997	122.32999999999998
2231	0021700107	ATL @ PHI	L	-747.75	-4.710000000000036
2227	0021700118	POR vs. LAL	W	-32.730000000000004	-201.29000000000002
2225	0021700117	GSW @ SAS	W	470.51	-6.1299999999999955
2223	0021700123	ATL vs. HOU	L	-880.53	361.01000000000005
2222	0021700124	PHX @ NYK	L	-130.27000000000004	-134.08999999999997
2221	0021700128	UTA vs. TOR	L	226.23000000000002	142.54
2220	0021700125	DAL vs. NOP	L	-779.28	-176.64999999999998
2218	0021700127	DEN vs. MIA	W	84.59999999999998	-133.29000000000002
2217	0021700129	BOS @ OKC	W	845.37	-322.33
2216	0021700119	MIL @ DET	L	-163.98	222.96000000000004
2215	0021700126	CHA @ SAS	L	94.89	149.43
2213	0021700121	IND @ PHI	L	143.23	139.72999999999996
2211	0021700130	BKN @ LAL	L	-568.23	-266.85
2207	0021700120	ORL vs. CHI	L	117.13000000000001	-231.58999999999997
2205	0021700122	WAS vs. CLE	L	34.70999999999998	-59.47000000000003
2199	0021700133	CHI vs. NOP	L	-230.33999999999997	-30.649999999999977
2198	0021700131	LAC vs. MEM	L	253.86999999999995	102.00999999999998
2197	0021700132	DET vs. SAC	W	211.96000000000004	-903.87
2196	0021700134	DAL @ MIN	L	-910.64	262.89
2191	0021700135	DEN vs. GSW	L	77.09999999999998	609.51
2189	0021700145	MEM @ LAL	L	91.00999999999999	-120.85000000000002
2188	0021700136	ATL @ CLE	W	-412.53	11.529999999999973
2187	0021700143	MIN vs. CHA	W	401.89	-51.11
2186	0021700142	IND @ NYK	L	-2.7700000000000102	10.350000000000023
2185	0021700144	POR vs. OKC	W	109.77	-16.769999999999996
2184	0021700138	ORL vs. BOS	L	-32.36999999999999	980.87
2182	0021700139	TOR vs. WAS	L	208.1	40.26999999999998
2180	0021700137	LAC vs. MIA	L	105.53999999999996	-48.85000000000002
2174	0021700141	SAS vs. PHX	W	291.93	-272.77000000000004
2172	0021700140	HOU vs. UTA	W	498.74000000000007	80.23000000000002
2169	0021700146	BOS @ ATL	W	1115.42	-333.89
2168	0021700148	MIA @ GSW	L	-277.85	747.24
2165	0021700147	PHX vs. BKN	L	-413.68000000000006	-407.23
2163	0021700152	CHA @ NYK	L	-195.2	152.85000000000002
2162	0021700150	NOP @ IND	W	113.44000000000003	-146.86
2161	0021700157	MEM @ POR	W	93.74	100.67999999999999
2160	0021700156	UTA vs. PHI	L	-63.859999999999985	282.22999999999996
2158	0021700151	WAS vs. DAL	L	107.76999999999998	-591.47
2157	0021700158	OKC @ SAC	L	-159.26999999999998	-510.87
2156	0021700153	CHI @ TOR	L	-292.01	212.1
2155	0021700154	SAS vs. LAC	W	432.84000000000003	-40.460000000000036
2150	0021700149	CLE vs. MIL	W	-54.380000000000024	-306.47999999999996
2148	0021700155	BKN @ DEN	L	-334.96000000000004	8.00999999999998
2143	0021700160	NYK @ ORL	L	68.76000000000002	-29.63999999999999
2142	0021700162	MIA @ PHX	W	-118.76000000000002	-553.26
2141	0021700159	DET vs. IND	W	349.69000000000005	-289.36
2139	0021700163	MIN @ GSW	L	-135.38000000000002	883.91
2137	0021700161	LAL @ BOS	L	-801.76	1249.17
2133	0021700168	DEN vs. OKC	W	150.51	-300.18
2132	0021700165	NOP @ TOR	L	30.940000000000026	278.01
2131	0021700166	CLE @ HOU	L	16.039999999999978	635.4100000000001
2129	0021700167	SAC vs. PHI	W	-357.23	48.13999999999996
2128	0021700164	WAS vs. LAL	W	113.67999999999998	-269.26
2123	0021700175	UTA vs. MIA	L	-206.35999999999999	26.659999999999982
2122	0021700170	CHA @ BOS	L	-337.7	1382.25
2121	0021700169	DET vs. ATL	W	486.36	-467.64
2120	0021700171	CHI vs. IND	L	-427.51	19.48999999999998
2119	0021700174	PHX vs. ORL	L	-691.72	109.94000000000001
2118	0021700172	OKC vs. LAC	W	85.24000000000001	-184.55000000000004
2117	0021700176	POR vs. BKN	L	-44.74000000000001	-399.54
2115	0021700173	MIL @ SAS	W	-147.38999999999996	347.42
2107	0021700182	MIL vs. LAL	W	-1.9699999999999562	-410.41
2106	0021700183	CHI @ SAS	L	-562.06	500.88
2105	0021700184	GSW vs. PHI	W	1019.68	-97.28000000000004
2104	0021700179	SAC @ NYK	L	-355.98	-1.6599999999999824
2103	0021700178	NOP vs. LAC	W	-37.909999999999975	-327.05000000000007
2100	0021700177	ATL @ WAS	L	-600.72	181.17999999999998
2099	0021700186	MIN @ PHX	L	16.289999999999978	-379.22
2098	0021700181	DAL vs. CLE	L	-511.85	-50.11000000000002
2097	0021700187	BKN @ UTA	L	-328.0	-47.509999999999984
2095	0021700185	DEN vs. ORL	W	291.65999999999997	-51.599999999999994
2094	0021700180	MEM @ HOU	L	-141.67999999999998	771.1800000000001
2085	0021700188	BOS vs. TOR	W	1514.75	-557.4100000000001
2084	0021700191	DAL @ OKC	L	-644.35	6.780000000000001
2083	0021700189	DET vs. MIA	W	622.13	20.509999999999984
2081	0021700190	IND vs. HOU	L	-435.51	906.1800000000001
2077	0021700200	LAC vs. PHI	L	-468.20000000000005	283.86999999999995
2076	0021700196	PHX vs. LAL	L	-380.89000000000004	-325.41
2075	0021700193	NYK vs. CLE	L	-10.509999999999991	94.88999999999999
2074	0021700194	MIL vs. MEM	W	141.88000000000005	11.78000000000003
2073	0021700198	POR vs. DEN	W	-38.59000000000001	206.65999999999997
2072	0021700192	WAS vs. SAC	W	322.33	-491.75
2070	0021700199	ORL @ GSW	L	-49.099999999999994	1154.6799999999998
2068	0021700195	NOP vs. ATL	W	104.59000000000003	-733.22
2063	0021700197	UTA vs. MIN	L	22.490000000000016	19.74999999999998
2059	0021700203	SAS @ DAL	W	415.88	-776.35
2058	0021700201	BOS @ BKN	W	1646.75	-468.0
2057	0021700202	HOU vs. TOR	L	590.5100000000001	196.04999999999998
2053	0021700206	NYK vs. UTA	W	-5.509999999999991	-118.83999999999997
2052	0021700210	SAS @ MIN	L	329.88	159.74999999999997
2051	0021700214	PHI @ LAL	W	51.36999999999995	-254.41000000000003
2050	0021700204	ATL vs. SAC	W	-565.22	-626.75
2049	0021700207	CLE @ CHA	W	238.56	-478.85
2048	0021700213	POR vs. ORL	W	103.91	-195.1
2046	0021700209	DET @ MIL	L	157.13	284.38000000000005
2042	0021700205	WAS @ MIA	W	462.33	-121.99000000000001
2041	0021700212	OKC vs. CHI	W	151.78	-695.81
2036	0021700211	NOP vs. TOR	L	95.92000000000003	336.04999999999995
2033	0021700208	MEM vs. IND	L	-133.21999999999997	-126.84000000000002
2031	0021700216	HOU @ PHX	W	514.2600000000001	-519.01
2030	0021700215	BOS vs. GSW	W	1778.31	-210.99
2027	0021700222	CHA @ CHI	L	-618.85	-453.89
2026	0021700226	DEN vs. NOP	W	210.65999999999997	-48.76999999999997
2025	0021700220	LAC @ CLE	L	-608.2	381.06
2024	0021700227	PHX @ LAL	W	-431.36000000000007	-394.72
2023	0021700219	BKN vs. UTA	W	-457.0	-259.15
2022	0021700218	MIA @ WAS	W	-113.32000000000001	301.33
2021	0021700217	DET @ IND	L	231.45999999999998	17.84999999999998
2020	0021700223	OKC @ SAS	L	70.45	333.0
2015	0021700225	POR @ SAC	L	95.24	-536.08
2014	0021700224	DAL vs. MIN	L	-907.91	298.75
2013	0021700221	TOR vs. NYK	W	475.04999999999995	60.82000000000001
2005	0021700231	PHI vs. GSW	L	42.699999999999946	687.76
2004	0021700233	MIL @ DAL	L	125.71000000000005	-739.0899999999999
2003	0021700232	HOU @ MEM	W	649.5500000000001	-276.89
2002	0021700234	POR vs. SAC	W	25.549999999999994	-459.83000000000004
2001	0021700228	LAC @ CHA	L	-747.2	217.14999999999998
1999	0021700229	UTA @ ORL	W	51.440000000000026	-339.78999999999996
1998	0021700230	ATL vs. BOS	L	-486.78000000000003	1909.4899999999998
1991	0021700238	DET @ MIN	W	232.39999999999998	211.86999999999998
1990	0021700239	CHI @ PHX	L	-376.39	-358.0300000000001
1989	0021700235	MIA vs. IND	L	-43.63000000000001	161.38
1987	0021700237	WAS @ TOR	L	154.45	613.17
1986	0021700236	GSW @ BKN	W	823.05	-460.12
1985	0021700240	DEN @ LAL	L	200.96999999999997	-384.13000000000005
1979	0021700251	DEN @ SAC	W	130.37999999999997	-595.12
1978	0021700243	ORL vs. IND	L	-483.32	303.88
1977	0021700244	PHI vs. UTA	W	-26.990000000000055	-102.16999999999997
1976	0021700250	ATL @ SAS	L	-620.02	472.41
1974	0021700245	NYK vs. LAC	W	591.13	-885.32
1973	0021700246	POR @ MEM	W	167.01999999999998	-419.39
1971	0021700249	BOS @ DAL	W	2040.32	-1784.92
1969	0021700242	DET vs. CLE	L	-5.25	522.53
1968	0021700241	MIN @ CHA	L	64.21999999999997	-160.97000000000003
1965	0021700248	OKC @ NOP	L	-72.05	-42.29999999999997
1962	0021700247	MIL vs. WAS	L	-18.979999999999947	233.85999999999999
1957	0021700252	CHI @ LAL	L	-510.71999999999997	-237.74000000000007
1955	0021700259	DEN @ HOU	L	195.93999999999997	784.2700000000001
1954	0021700256	ATL vs. LAC	L	-752.8	-197.67000000000007
1953	0021700255	POR @ PHI	L	82.57999999999998	114.47999999999995
1952	0021700260	MEM vs. DAL	L	-560.86	-717.29
1951	0021700261	ORL @ MIN	L	-625.8199999999999	67.82999999999997
1950	0021700254	CLE vs. BKN	W	663.0899999999999	-524.53
1947	0021700264	MIL @ PHX	W	-12.509999999999948	-360.9200000000001
1946	0021700257	BOS @ MIA	L	970.8499999999999	-110.10000000000001
1945	0021700253	WAS @ CHA	L	224.42	-15.380000000000024
1944	0021700263	OKC vs. GSW	W	-63.519999999999996	807.77
1943	0021700265	UTA vs. CHI	W	-16.909999999999968	-644.47
1941	0021700262	NOP vs. SAS	W	100.20000000000003	386.02000000000004
1936	0021700258	NYK vs. TOR	W	132.60000000000002	375.52
1935	0021700266	LAL @ SAC	L	-242.48000000000008	-579.84
1927	0021700268	ATL vs. NYK	W	-660.17	123.16000000000001
1926	0021700276	CHI @ GSW	L	-777.71	956.98
1925	0021700274	DEN vs. MEM	W	125.67999999999996	-701.42
1924	0021700275	NOP @ PHX	W	241.78000000000003	-499.9200000000001
1923	0021700267	POR @ BKN	W	237.32	-663.14
1922	0021700273	OKC vs. DET	L	5.920000000000005	221.42000000000002
1921	0021700271	TOR @ IND	L	302.19	445.46
1919	0021700272	MIA @ MIN	W	34.33999999999999	57.569999999999965
1917	0021700270	CHA @ CLE	L	-545.94	802.8299999999999
1916	0021700269	ORL @ BOS	L	-767.4	891.0999999999999
1907	0021700279	WAS vs. POR	L	79.16	228.07
1906	0021700286	SAC vs. LAC	L	-579.05	-199.3400000000001
1905	0021700280	TOR @ ATL	W	305.08	-582.17
1904	0021700284	GSW vs. NOP	W	867.48	157.53000000000003
1902	0021700283	DAL vs. OKC	W	-564.29	-135.66
1901	0021700278	PHI vs. ORL	W	255.03999999999996	-908.15
1899	0021700285	UTA vs. MIL	W	-20.909999999999968	54.99000000000005
1897	0021700281	BOS @ IND	W	1022.7699999999999	136.20999999999998
1896	0021700277	SAS @ CHA	W	388.91	-237.52000000000004
1895	0021700282	NYK @ HOU	L	-22.099999999999994	918.4800000000001
1887	0021700289	MEM vs. BKN	L	-841.16	-576.03
1886	0021700288	MIN vs. PHX	W	61.569999999999965	-638.25
1885	0021700287	CHI vs. MIA	L	-910.49	177.76
1881	0021700291	CLE @ PHI	W	941.8299999999999	-355.22
1880	0021700292	BOS vs. DET	L	1004.1299999999999	359.31
1879	0021700290	ORL @ IND	L	-1048.15	741.21
1878	0021700296	SAC @ GSW	W	-564.55	852.48
1876	0021700294	BKN @ HOU	L	-803.28	1052.23
1875	0021700293	POR @ NYK	W	368.07	-166.35
1874	0021700297	LAL @ LAC	L	-383.2300000000001	-52.230000000000075
1868	0021700295	SAS vs. DAL	W	527.9100000000001	-562.62
1865	0021700299	CHI vs. PHX	L	-1042.8600000000001	-175.98000000000002
1864	0021700302	SAC vs. MIL	L	-489.54999999999995	-13.42999999999995
1863	0021700298	CLE vs. MIA	W	1080.1599999999999	-504.74
1860	0021700301	UTA vs. DEN	W	124.09000000000003	191.42999999999995
1859	0021700300	WAS @ MIN	W	84.91	126.56999999999996
1855	0021700309	NOP vs. MIN	L	12.53000000000003	130.88999999999996
1854	0021700311	SAS vs. MEM	W	666.24	-980.16
1852	0021700304	OKC @ ORL	L	-276.40999999999997	-512.47
1851	0021700305	PHI vs. WAS	W	98.77999999999997	151.57999999999998
1850	0021700303	PHX @ DET	L	-478.15000000000003	496.56
1849	0021700307	TOR vs. CHA	W	444.08	-378.27000000000004
1848	0021700312	LAL vs. GSW	L	-523.23	777.03
1845	0021700306	MIA @ NYK	L	-48.07000000000001	-9.679999999999993
1844	0021700310	DAL vs. BKN	L	-697.17	-491.61
1838	0021700308	IND @ HOU	L	-167.88000000000002	1185.5600000000002
1835	0021700314	BOS vs. PHI	W	925.2199999999999	163.77999999999997
1834	0021700317	LAC vs. UTA	L	-131.23000000000008	268.18000000000006
1833	0021700316	POR vs. MIL	L	207.39	129.07000000000005
1832	0021700313	ATL vs. CLE	L	-715.5	1217.8899999999999
1831	0021700315	CHI @ DEN	L	-1174.8600000000001	571.43
1825	0021700322	SAC @ CHI	W	-25.68999999999994	-1306.53
1824	0021700320	WAS vs. DET	W	82.48999999999998	408.23
1823	0021700319	IND @ TOR	L	62.339999999999975	582.41
1822	0021700323	MEM vs. SAS	L	-1118.49	803.97
1821	0021700318	GSW @ ORL	W	912.68	-516.1700000000001
1820	0021700321	MIA vs. CHA	W	-40.57000000000001	-518.27
1817	0021700325	NOP @ UTA	L	-131.55999999999997	411.44000000000005
1814	0021700324	MIN @ OKC	L	121.10999999999996	-191.41
1809	0021700328	BKN vs. ATL	L	-494.34000000000003	-698.45
1808	0021700331	SAC @ MIL	L	-626.3399999999999	270.74000000000007
1807	0021700329	CLE vs. MEM	W	1355.06	-1256.22
1806	0021700333	NOP @ POR	W	-49.81999999999997	136.08999999999997
1804	0021700332	DEN vs. LAL	W	262.3399999999999	-662.5500000000001
1802	0021700326	BOS vs. PHX	W	1057.5099999999998	-616.2700000000001
1801	0021700327	LAC @ DAL	L	-271.2300000000001	-681.3
1799	0021700330	DET @ PHI	L	259.37	93.09999999999997
1793	0021700334	NYK vs. ORL	L	-17.179999999999993	-505.75
1792	0021700335	GSW @ MIA	W	1047.8899999999999	-122.31
1791	0021700336	LAC @ MIN	L	-410.55000000000007	200.68999999999994
1788	0021700337	SAS @ OKC	L	641.14	-45.72999999999999
1785	0021700338	HOU @ LAL	W	1318.5100000000002	-801.25
1783	0021700342	BKN @ ATL	W	-558.0400000000001	-621.0600000000001
1782	0021700346	GSW @ NOP	W	1182.69	17.680000000000028
1781	0021700345	MEM vs. MIN	W	-568.39	116.08999999999996
1780	0021700340	IND vs. NYK	W	143.37999999999997	-160.44
1778	0021700339	CHA vs. ORL	W	-357.59000000000003	-434.75
1776	0021700343	BOS vs. MIL	W	1189.5099999999998	36.65000000000006
1775	0021700348	SAS vs. DET	W	567.81	111.54000000000002
1773	0021700349	UTA vs. WAS	W	553.94	-225.77
1772	0021700347	DAL vs. DEN	W	-530.05	177.55999999999995
1770	0021700341	PHI vs. PHX	L	158.31999999999996	-603.8700000000001
1766	0021700344	CHI vs. CLE	L	-1437.8899999999999	1491.73
1761	0021700350	PHX @ TOR	L	-530.9900000000001	720.14
1760	0021700352	WAS @ POR	W	230.26999999999998	-9.330000000000041
1759	0021700351	OKC vs. UTA	W	99.05000000000001	95.74000000000007
1755	0021700362	MIN @ LAC	W	270.9	-549.25
1754	0021700355	ORL vs. ATL	W	-424.56	-754.8100000000001
1753	0021700359	MIL vs. DET	W	116.87000000000006	-35.339999999999975
1751	0021700360	DEN @ NOP	L	107.13999999999993	-50.51999999999997
1750	0021700353	CLE vs. SAC	W	1627.9299999999998	-613.0099999999999
1749	0021700358	GSW @ CHA	W	1317.11	-586.29
1748	0021700357	NYK vs. MEM	W	-152.94	-495.06
1744	0021700361	SAS vs. MIA	W	705.41	-114.81
1743	0021700354	CHI @ IND	L	-1568.98	210.17999999999998
1741	0021700356	DAL @ BOS	L	-754.8499999999999	1321.2399999999998
1735	0021700363	PHI vs. LAL	L	12.899999999999963	-564.37
1733	0021700365	OKC @ BKN	L	-56.98999999999999	-411.1600000000001
1732	0021700364	WAS @ PHX	W	222.07	-668.9500000000002
1731	0021700366	HOU @ UTA	W	1451.1200000000003	101.89000000000007
1727	0021700373	NOP vs. SAC	L	16.980000000000032	-599.2099999999999
1726	0021700372	DAL @ MIL	L	-665.6199999999999	257.9100000000001
1725	0021700374	BOS @ SAS	L	1152.7199999999998	842.53
1724	0021700371	MEM vs. TOR	L	-632.66	857.31
1723	0021700370	ORL vs. DEN	L	-428.82	112.53999999999994
1722	0021700368	GSW @ DET	W	1451.1799999999998	-181.33999999999997
1721	0021700367	CHA vs. CHI	L	-425.87	-949.8100000000001
1720	0021700369	IND vs. CLE	W	351.33	788.6999999999999
1711	0021700384	POR vs. HOU	L	-153.93000000000004	1583.4100000000003
1710	0021700377	CHA vs. LAL	L	-564.87	-416.97
1709	0021700375	WAS @ LAC	L	213.22	-387.37000000000006
1708	0021700376	MIA @ BKN	W	-106.61	-415.1600000000001
1707	0021700382	OKC @ MEM	W	-48.78999999999999	-769.78
1705	0021700381	UTA @ MIL	L	-41.259999999999934	398.31000000000006
1704	0021700379	PHI @ CLE	L	-131.70000000000005	714.0699999999999
1703	0021700378	ATL vs. ORL	W	-738.21	-568.8199999999999
1699	0021700380	NYK @ CHI	L	-159.74	-795.4100000000001
1697	0021700383	SAS @ PHX	W	979.1999999999999	-806.4500000000002
1691	0021700387	IND vs. DEN	W	491.89	178.68999999999994
1690	0021700389	NOP vs. PHI	W	-51.169999999999966	-275.55000000000007
1688	0021700390	ATL @ NYK	L	-661.2900000000001	-152.24
1687	0021700386	DET vs. BOS	L	-326.53	1073.9699999999998
1686	0021700385	TOR @ SAC	W	993.9799999999999	-524.9799999999999
1685	0021700388	MIN vs. DAL	W	186.45999999999998	-800.9899999999999
1679	0021700394	CHA @ OKC	W	-478.33	20.06000000000001
1678	0021700393	MEM vs. MIA	L	-906.4499999999999	37.24
1677	0021700395	POR @ GSW	L	-297.78000000000003	1584.9299999999998
1676	0021700392	HOU vs. NOP	W	1715.4100000000003	16.330000000000034
1673	0021700396	TOR @ LAC	L	605.18	-239.97000000000008
1671	0021700391	CHI vs. BOS	W	-642.1400000000001	1131.2099999999998
1667	0021700398	DET vs. DEN	L	-470.96999999999997	109.24999999999994
1665	0021700397	ATL @ CLE	L	-795.3600000000001	850.3199999999999
1664	0021700399	NYK vs. LAL	W	-9.090000000000003	-420.43
1663	0021700403	SAC vs. PHX	W	-361.64999999999986	-943.5200000000002
1661	0021700402	DAL vs. SAS	W	-710.9899999999999	815.4499999999999
1660	0021700400	BKN vs. WAS	W	-479.9700000000001	68.78
1656	0021700401	MIN vs. PHI	L	176.45999999999998	-118.70000000000005
1653	0021700405	LAC @ ORL	W	-93.43000000000009	-708.3
1651	0021700411	PHX vs. TOR	L	-1080.19	905.9499999999999
1650	0021700410	MIL @ NOP	L	313.12000000000006	-51.76999999999997
1649	0021700407	BOS vs. DEN	W	1053.2099999999998	175.49999999999994
1647	0021700409	CHI vs. UTA	W	-489.9200000000001	-183.75999999999993
1645	0021700406	MEM @ WAS	L	-1042.6999999999998	375.03
1641	0021700408	POR @ MIA	W	-65.93000000000004	30.39
1639	0021700412	CHA @ HOU	L	-1156.29	1847.1400000000003
1638	0021700404	IND vs. OKC	L	331.89	-46.78999999999999
1635	0021700416	MIN vs. SAC	W	105.93999999999998	-512.8999999999999
1634	0021700413	ATL vs. DET	L	-929.1100000000001	60.28000000000003
1633	0021700415	LAL @ CLE	L	-559.69	986.18
1630	0021700417	GSW vs. DAL	W	1718.3799999999999	-635.6499999999999
1629	0021700414	NYK @ BKN	W	133.41	-409.2300000000001
1625	0021700425	ATL @ MEM	L	-1062.5600000000002	-578.56
1624	0021700424	TOR vs. BKN	W	742.6199999999999	-549.23
1623	0021700420	ORL vs. POR	L	-847.3	76.56999999999996
1622	0021700422	WAS vs. LAC	W	216.93	-172.69000000000008
1621	0021700426	CHI @ MIL	W	-338.6700000000001	167.38000000000005
1620	0021700418	MIA @ CHA	W	-37.11	-545.04
1619	0021700421	OKC @ PHI	W	96.96000000000001	-51.200000000000045
1616	0021700423	BOS vs. UTA	L	1111.11	-25.659999999999933
1613	0021700427	DEN vs. NOP	W	106.18999999999994	15.730000000000032
1612	0021700428	SAS @ HOU	L	666.31	1978.6200000000003
1606	0021700419	DET @ IND	W	52.18000000000003	186.37
1603	0021700433	MIL @ HOU	L	22.380000000000052	2109.8700000000003
1602	0021700432	LAC @ MIA	L	-312.69000000000005	105.99000000000001
1601	0021700429	POR @ CHA	W	218.46999999999997	-683.3199999999999
1600	0021700435	DAL @ SAS	L	-771.1499999999999	742.9799999999999
1599	0021700431	OKC @ NYK	L	-134.94	275.31
1598	0021700434	PHX @ MIN	W	-841.4800000000001	171.10999999999999
1597	0021700430	CLE vs. UTA	W	1121.6799999999998	-181.98999999999992
1591	0021700436	BOS @ MEM	W	1033.77	-729.06
1587	0021700437	SAC @ TOR	L	-649.9699999999999	878.8699999999999
1586	0021700438	DET vs. ORL	W	193.51000000000002	-985.8499999999999
1585	0021700440	CLE @ WAS	W	1256.84	-91.74000000000001
1583	0021700439	IND @ BKN	W	341.54	-688.71
1579	0021700446	POR @ MIN	L	134.79999999999995	100.78999999999999
1578	0021700445	HOU vs. UTA	W	2240.9000000000005	-98.92999999999994
1577	0021700442	BOS @ IND	W	1167.25	182.35000000000002
1576	0021700441	CHA vs. NYK	W	-596.15	116.64
1575	0021700444	CHI vs. PHI	W	-188.33000000000004	-194.30000000000004
1574	0021700443	MIA @ ATL	L	98.49000000000001	-895.7300000000001
1571	0021700448	PHX @ DAL	W	-692.4200000000002	-906.3099999999998
1569	0021700447	DEN @ OKC	L	172.51999999999992	22.560000000000002
1566	0021700449	SAS vs. LAC	W	805.3999999999999	-452.1700000000001
1564	0021700450	LAL vs. GSW	L	-698.44	1851.55
1559	0021700451	SAC @ PHI	W	-486.6399999999999	-336.80000000000007
1558	0021700453	CLE @ MIL	L	1016.68	103.07000000000005
1555	0021700452	WAS vs. NOP	W	214.07	-127.32999999999997
1553	0021700456	BOS vs. MIA	L	1150.49	30.43000000000001
1552	0021700455	IND @ ATL	W	187.66000000000003	-818.6300000000001
1551	0021700461	DAL vs. DET	W	-816.1499999999999	109.32000000000002
1550	0021700459	LAL @ HOU	W	-611.72	1321.7300000000002
1548	0021700454	CHA vs. TOR	L	-748.5699999999999	1014.7299999999999
1547	0021700463	SAS @ POR	W	942.4299999999998	-9.390000000000043
1545	0021700464	MEM @ GSW	L	-865.3499999999999	1984.45
1544	0021700457	SAC @ BKN	W	-487.92999999999984	-827.71
1542	0021700458	CHI vs. ORL	W	-38.83000000000004	-1123.9699999999998
1541	0021700460	OKC vs. UTA	W	165.62	-240.33999999999992
1540	0021700462	MIN @ DEN	W	241.1	28.329999999999927
1538	0021700465	PHX @ LAC	L	-694.0900000000001	-366.1700000000001
1529	0021700468	BOS @ NYK	L	998.49	122.45
1528	0021700469	PHX vs. MEM	W	-756.4400000000002	-1001.29
1527	0021700467	TOR @ PHI	W	1150.23	-478.74
1526	0021700466	CLE vs. CHI	W	941.2299999999999	-415.12000000000006
1523	0021700470	SAS @ UTA	L	854.0999999999998	-156.24999999999991
1519	0021700475	LAC @ HOU	W	-219.72000000000008	1167.3800000000003
1517	0021700479	GSW vs. LAL	W	2117.11	-1289.5500000000002
1516	0021700476	MIL vs. CHA	W	244.40000000000003	-661.6899999999999
1515	0021700474	DAL @ MIA	L	-740.6999999999998	172.93
1513	0021700473	WAS @ BKN	L	205.48	-666.26
1512	0021700477	OKC vs. ATL	W	308.12	-952.3800000000001
1511	0021700471	DET vs. NYK	W	39.630000000000024	113.86
1510	0021700478	DEN @ POR	W	34.739999999999924	-152.98000000000005
1505	0021700472	NOP @ ORL	W	-119.82999999999997	-1261.6999999999998
1501	0021700482	BKN @ IND	L	-594.38	328.57000000000005
1500	0021700489	GSW vs. DEN	L	1349.5300000000002	176.70999999999992
1499	0021700487	MEM vs. LAC	W	-911.9	-223.94000000000008
1495	0021700486	NOP @ MIA	W	23.20000000000003	89.9
1494	0021700491	LAL vs. POR	L	-678.1	3.9899999999999523
1493	0021700490	PHX vs. MIN	L	-833.4400000000002	380.95
1492	0021700480	PHI @ TOR	L	-620.1500000000001	1285.3899999999999
1491	0021700488	UTA vs. OKC	L	-311.68999999999994	450.09000000000003
1489	0021700483	WAS vs. ORL	W	661.39	-1399.05
1488	0021700492	SAS @ SAC	W	780.4199999999998	-489.9599999999998
1486	0021700485	CHI @ BOS	L	-552.1500000000001	997.24
1482	0021700481	MIL @ CHA	L	235.21000000000004	-649.42
1478	0021700484	ATL vs. DAL	W	-935.8600000000001	-875.9899999999998
1475	0021700496	OKC vs. HOU	W	591.5600000000001	1013.9400000000003
1474	0021700497	LAL vs. MIN	L	-816.22	520.36
1473	0021700494	CLE @ GSW	L	1001.5199999999999	1346.7400000000002
1471	0021700493	NYK vs. PHI	L	-30.230000000000004	-311.06000000000006
1469	0021700495	BOS vs. WAS	L	1056.7	277.86
1465	0021700498	IND @ DET	L	319.01000000000005	180.54000000000002
1464	0021700502	BKN @ SAS	L	-733.17	917.4199999999998
1463	0021700501	MIL vs. CHI	L	90.52000000000004	-538.82
1462	0021700499	DAL vs. TOR	W	-860.9899999999998	970.2299999999999
1461	0021700504	PHX vs. MEM	W	-746.0800000000002	-837.1899999999999
1459	0021700505	LAC vs. SAC	W	-288.7900000000001	-627.6899999999998
1456	0021700503	DEN vs. UTA	W	318.17999999999995	-227.6899999999999
1455	0021700500	MIA vs. ORL	W	96.37	-1536.05
1449	0021700506	CHA vs. BOS	L	-576.77	980.9100000000001
1448	0021700509	NYK @ CHI	L	-173.76	-390.14000000000004
1447	0021700508	ATL vs. WAS	W	-784.1000000000001	193.86
1446	0021700512	OKC vs. TOR	W	732.5600000000001	819.7799999999999
1445	0021700515	LAL vs. MEM	L	-953.95	-673.1899999999999
1444	0021700511	NOP vs. BKN	W	165.70000000000005	-871.55
1442	0021700510	DEN @ MIN	L	234.17999999999992	659.36
1441	0021700513	CLE @ SAC	L	851.5199999999999	-540.0399999999998
1440	0021700507	DAL @ IND	W	-710.7099999999998	174.01000000000005
1438	0021700514	GSW vs. UTA	W	1479.7400000000002	-368.2499999999999
1429	0021700516	DET @ ORL	L	170.98000000000002	-997.7199999999999
1428	0021700518	MIN @ MIL	L	422.97	96.43000000000004
1426	0021700520	PHI @ POR	L	-316.50000000000006	71.48999999999995
1424	0021700519	NYK @ SAS	L	-316.76	1054.0899999999997
1423	0021700517	HOU @ BOS	L	861.3600000000004	1115.78
1419	0021700526	OKC vs. MIL	L	348.12000000000006	237.90000000000003
1418	0021700529	LAC @ LAL	W	-143.20000000000007	-1091.3000000000002
1417	0021700521	WAS vs. HOU	W	499.42	709.6000000000004
1416	0021700523	BKN @ MIA	W	-784.55	163.37
1415	0021700527	PHX @ SAC	W	-598.3800000000001	-617.0399999999998
1414	0021700528	CHA @ GSW	W	-639.77	1462.5200000000002
1412	0021700525	DAL @ NOP	W	-561.1199999999998	82.70000000000003
1407	0021700524	CHI vs. IND	W	-242.14000000000004	29.57000000000005
1406	0021700522	TOR vs. ATL	W	820.0699999999998	-783.1000000000001
1401	0021700535	GSW vs. MEM	W	1385.0900000000001	-823.88
1400	0021700533	POR @ ATL	L	63.48999999999995	-842.8200000000002
1399	0021700536	DEN vs. PHI	L	89.73999999999992	-307.50000000000006
1397	0021700532	NOP vs. NYK	L	-60.76999999999997	-84.25999999999999
1396	0021700534	UTA vs. CLE	W	-133.38999999999987	702.2099999999999
1394	0021700531	ORL vs. MIA	L	-924.0699999999999	94.9
1392	0021700530	DET vs. SAS	W	100.98000000000002	965.4399999999998
1387	0021700544	PHI @ PHX	W	-238.06000000000006	-676.2700000000001
1386	0021700541	DAL @ OKC	W	-412.16999999999973	278.26000000000005
1385	0021700540	HOU vs. LAL	W	933.6000000000004	-1228.3000000000002
1384	0021700537	WAS vs. CHI	W	340.5	-319.78000000000003
1382	0021700542	LAC vs. CHA	W	1.799999999999926	-717.41
1379	0021700543	SAC vs. MEM	L	-679.6799999999998	-810.23
1378	0021700538	IND vs. MIN	L	-114.34999999999995	351.21000000000004
1377	0021700539	BKN @ BOS	L	-862.1899999999999	1250.3999999999999
1371	0021700545	ORL @ BKN	L	-1061.04	-775.43
1370	0021700547	CHI vs. POR	L	-458.02000000000004	70.01999999999995
1368	0021700546	TOR vs. MIL	W	956.0699999999998	228.90000000000003
1367	0021700548	LAL @ MIN	L	-1364.97	490.03000000000003
1363	0021700552	SAC vs. CHA	L	-816.9799999999998	-480.65
1362	0021700551	PHX vs. ATL	W	-664.7300000000001	-767.2800000000002
1360	0021700550	SAS @ NYK	W	891.4899999999998	-91.28999999999999
1359	0021700549	CLE vs. POR	W	778.56	62.049999999999955
1358	0021700553	LAC vs. MEM	W	146.23999999999992	-1036.28
1353	0021700564	UTA vs. NOP	L	-213.12999999999988	-53.73999999999997
1352	0021700555	PHI vs. SAS	W	-94.14000000000004	803.1599999999997
1351	0021700554	ORL vs. HOU	L	-1197.71	1068.3200000000004
1350	0021700557	BKN vs. MIN	W	-628.3199999999999	478.49
1349	0021700556	NYK @ WAS	L	-233.79	481.16
1348	0021700565	OKC @ LAL	W	808.9200000000001	-1501.3200000000002
1347	0021700561	IND @ MIL	L	-257.77	159.46000000000004
1344	0021700558	DET @ MIA	L	91.54000000000002	236.93
1343	0021700563	PHX @ DEN	L	-592.8500000000001	95.81999999999992
1341	0021700560	CHI vs. TOR	L	-595.9100000000001	1091.7599999999998
1338	0021700559	BOS vs. CLE	W	1384.79	615.53
1333	0021700562	GSW @ DAL	W	1518.38	-563.8399999999997
1329	0021700566	HOU vs. GSW	L	902.7800000000004	1651.46
1328	0021700567	OKC @ LAC	W	425.07000000000005	-9.840000000000074
1325	0021700569	DET @ PHI	L	21.68000000000002	49.27999999999997
1324	0021700572	CHI @ DAL	W	-508.47	-701.0899999999997
1323	0021700575	WAS @ MEM	W	621.4200000000001	-947.9499999999999
1321	0021700573	PHX @ SAS	L	-731.5100000000001	954.5399999999997
1320	0021700568	NYK @ MIA	L	-375.84000000000003	378.51
1319	0021700577	CHA @ LAL	W	-483.53999999999996	-1637.3700000000001
1316	0021700576	ATL @ POR	L	-902.4100000000002	68.62999999999995
1315	0021700570	MIN @ BOS	L	331.61	1518.96
1314	0021700571	TOR @ MIL	W	1227.1699999999998	225.54000000000002
1313	0021700574	DEN vs. UTA	W	237.39999999999992	-353.3899999999999
1305	0021700580	HOU @ DET	L	901.9900000000005	102.34000000000002
1304	0021700578	LAC vs. GSW	L	-151.42000000000007	1784.3400000000001
1303	0021700582	ORL vs. CLE	L	-1334.0900000000001	767.1999999999999
1302	0021700585	SAC vs. DEN	W	-728.9499999999998	228.54999999999993
1300	0021700581	CHI @ IND	L	-435.72	-25.719999999999953
1296	0021700584	MIN vs. NOP	W	335.27000000000004	13.760000000000034
1295	0021700583	WAS vs. MIL	L	461.3	156.20000000000002
1294	0021700579	BOS @ BKN	W	1652.91	-1006.78
1289	0021700588	PHX vs. OKC	W	-719.8400000000001	415.82000000000005
1287	0021700587	DAL vs. NYK	L	-838.0399999999997	-142.46000000000004
1286	0021700586	UTA @ MIA	L	-493.26999999999987	519.66
1285	0021700589	SAS @ POR	L	866.4899999999998	135.67999999999995
1283	0021700590	ATL @ LAL	L	-1037.2800000000002	-948.1400000000001
1279	0021700591	MIL @ IND	L	222.35000000000002	116.78000000000004
1278	0021700592	TOR @ BKN	W	1362.3	-770.78
1277	0021700597	DEN @ GSW	L	84.29999999999993	1917.0200000000002
1276	0021700598	LAC vs. ATL	W	82.42999999999992	-1171.9
1275	0021700596	SAS @ SAC	W	868.1599999999997	-655.6199999999998
1272	0021700594	MIN vs. CLE	W	474.44000000000005	829.4499999999999
1270	0021700595	NOP vs. DET	W	-54.18999999999997	93.49000000000001
1268	0021700593	HOU @ CHI	W	976.8600000000005	-573.52
1263	0021700602	SAC @ LAL	L	-792.8699999999998	-948.6400000000001
1261	0021700600	POR @ OKC	W	277.29999999999995	271.19000000000005
1260	0021700601	ORL @ DAL	L	-1470.19	-749.7099999999997
1259	0021700599	MIA @ TOR	W	660.41	822.1699999999998
1255	0021700613	LAC @ GSW	W	1.6799999999999216	1674.5200000000002
1254	0021700612	DEN vs. ATL	L	-59.480000000000075	-1006.2900000000002
1253	0021700603	DAL @ CHA	W	-601.1099999999997	-562.0
1252	0021700608	HOU vs. POR	W	1037.3600000000006	118.51999999999995
1251	0021700604	MIA @ IND	W	800.78	-266.15
1250	0021700610	ORL @ MIL	L	-1606.02	153.10000000000002
1249	0021700605	UTA @ WAS	W	-407.77999999999986	315.81
1244	0021700606	BKN vs. DET	L	-909.4399999999999	174.24
1243	0021700607	NYK vs. CHI	L	-223.68000000000004	-561.02
1242	0021700611	MIN vs. OKC	W	613.28	127.02000000000004
1239	0021700609	NOP @ MEM	L	13.31000000000003	-934.3299999999999
1233	0021700616	LAC @ SAC	W	145.45999999999992	-929.8199999999998
1232	0021700614	BOS @ PHI	W	1786.66	-557.77
1231	0021700615	TOR vs. CLE	W	1121.7899999999997	681.4
1230	0021700617	SAS @ LAL	L	780.3699999999998	-799.7400000000001
1225	0021700619	CLE @ IND	L	533.9	190.52000000000004
1224	0021700618	UTA @ CHA	L	-336.9499999999999	-551.0
1223	0021700623	NYK @ MIN	L	-365.3500000000001	751.8
1222	0021700626	HOU @ PHX	W	1172.6000000000004	-797.8600000000001
1221	0021700624	NOP vs. POR	W	-54.61999999999997	49.34999999999995
1218	0021700622	GSW @ MIL	W	1596.8500000000001	219.32000000000002
1216	0021700625	DEN vs. MEM	W	22.189999999999927	-860.43
1214	0021700620	ORL @ WAS	L	-1741.6	770.81
1212	0021700621	ATL vs. BKN	L	-930.4600000000002	-822.77
1207	0021700631	GSW @ TOR	W	1729.8000000000002	1032.0299999999997
1206	0021700633	SAS vs. DEN	W	857.2999999999997	89.27999999999993
1205	0021700629	OKC @ CHA	W	208.30000000000004	-479.66
1203	0021700627	DAL vs. LAL	L	-603.0399999999996	-651.4100000000001
1202	0021700630	WAS vs. BKN	W	461.28000000000003	-750.79
1199	0021700632	DET @ CHI	L	15.460000000000008	-413.22999999999996
1196	0021700628	LAC vs. SAC	W	288.7899999999999	-1066.4899999999998
1193	0021700636	IND @ PHX	W	182.61000000000007	-786.3800000000001
1192	0021700637	MIN vs. POR	W	890.02	-94.37000000000005
1190	0021700634	MIL @ MIA	L	75.15000000000003	940.78
1188	0021700635	NYK vs. NOP	L	-506.6300000000001	87.88000000000002
1185	0021700641	ATL vs. SAS	W	-990.2300000000001	919.7399999999998
1184	0021700638	DET vs. CHA	L	-53.709999999999994	-468.83000000000004
1183	0021700639	TOR @ PHI	L	957.0299999999997	-175.27000000000004
1182	0021700644	MIA @ CHI	L	405.42999999999995	-265.96
1181	0021700648	LAC vs. HOU	W	431.69999999999993	1082.6000000000004
1180	0021700645	LAL @ MEM	L	-803.6200000000001	-922.0999999999999
1178	0021700640	MIL @ WAS	W	81.43000000000004	451.39000000000004
1177	0021700647	IND @ UTA	W	324.31000000000006	-476.59999999999985
1176	0021700646	CLE vs. GSW	L	386.91999999999996	1862.5800000000002
1173	0021700642	NYK @ BKN	W	-347.54000000000013	-889.31
1168	0021700643	SAC @ OKC	L	-1202.8899999999999	350.00000000000006
1163	0021700650	NOP @ BOS	W	229.97000000000003	1395.22
1162	0021700652	POR vs. PHX	W	137.32999999999996	-924.6000000000001
1161	0021700649	ORL vs. MIN	W	-1351.9399999999998	652.9499999999999
1159	0021700651	DEN vs. DAL	W	95.97999999999993	-740.4799999999997
1155	0021700656	DET @ TOR	L	-197.43	957.6099999999998
1154	0021700660	LAL @ OKC	L	-941.3500000000001	491.33000000000004
1153	0021700653	WAS @ CHA	L	306.1700000000001	-397.67
1152	0021700657	CHI vs. GSW	L	-344.17999999999995	1995.19
1151	0021700658	NYK @ MEM	L	-353.10000000000014	-773.4999999999999
1150	0021700659	MIL vs. MIA	L	148.13000000000002	484.74999999999994
1149	0021700654	ATL vs. NOP	W	-839.7800000000001	71.67000000000002
1148	0021700655	BKN vs. SAS	L	-1027.53	996.9099999999997
1144	0021700662	LAC vs. DEN	W	574.1999999999999	88.08999999999993
1142	0021700661	SAC vs. UTA	L	-1339.0299999999997	-90.91999999999985
1135	0021700663	PHI @ BOS	W	-32.34000000000003	1243.59
1134	0021700664	CLE vs. ORL	W	540.4399999999999	-1277.0499999999997
1133	0021700665	HOU vs. MIN	W	1007.3700000000003	505.6099999999999
1132	0021700666	POR vs. IND	W	129.43999999999994	240.64000000000004
1127	0021700669	WAS @ DET	W	311.3900000000001	-340.73
1126	0021700668	MIA @ BKN	L	549.53	-940.4599999999999
1125	0021700673	LAL vs. IND	W	-928.7900000000002	96.62000000000003
1124	0021700671	PHX @ DEN	W	-762.5300000000001	-55.17000000000007
1121	0021700672	NYK @ UTA	W	-419.08000000000015	-394.91999999999985
1118	0021700667	SAS @ TOR	L	909.5699999999997	1093.7499999999998
1116	0021700670	MEM vs. SAC	W	-625.4299999999998	-1474.9199999999998
1113	0021700679	HOU vs. GSW	W	1142.7100000000003	1827.64
1112	0021700682	DAL @ POR	L	-877.6499999999996	271.17999999999995
1111	0021700675	ATL vs. CHI	L	-839.8900000000001	-407.87999999999994
1110	0021700678	MIL @ PHI	L	4.460000000000022	110.15999999999997
1109	0021700681	UTA vs. LAC	W	-459.3799999999998	266.30999999999995
1107	0021700674	OKC @ CLE	W	632.3100000000001	604.4399999999999
1106	0021700677	MEM @ NOP	L	-702.8699999999999	78.00000000000001
1103	0021700680	TOR @ MIN	L	1079.6399999999999	508.7299999999999
1101	0021700676	MIA @ CHA	W	478.98999999999995	-401.99
1095	0021700685	DET vs. BKN	L	-483.62	-793.1199999999999
1094	0021700684	LAL vs. NYK	W	-780.9600000000002	-424.72000000000014
1092	0021700686	SAS vs. IND	L	761.9699999999997	103.00000000000003
1091	0021700683	ORL @ BOS	W	-1187.6999999999998	1092.53
1087	0021700689	MIA @ HOU	L	393.88	1277.8200000000002
1086	0021700695	LAC vs. MIN	L	123.04999999999995	647.3
1085	0021700694	POR @ DEN	L	187.55999999999995	-48.04000000000007
1083	0021700688	UTA @ ATL	L	-388.5299999999998	-900.5400000000001
1082	0021700692	CHI @ NOP	L	-411.2799999999999	219.74
1081	0021700690	PHI @ MEM	L	27.249999999999968	-765.7999999999998
1078	0021700687	CHA vs. SAC	W	58.23000000000002	-1610.57
1075	0021700693	WAS @ DAL	L	377.0300000000001	-789.5599999999996
1074	0021700691	MIL vs. PHX	W	11.20000000000002	-765.19
1069	0021700697	BKN @ OKC	L	-796.2399999999999	772.95
1068	0021700698	SAS vs. CLE	W	839.8299999999997	458.14
1067	0021700700	LAL vs. BOS	W	-633.6200000000001	942.01
1064	0021700696	SAC @ ORL	W	-1146.0	-1263.1299999999999
1063	0021700699	GSW vs. NYK	W	1749.93	-490.76000000000016
1059	0021700706	HOU @ DAL	W	1412.7100000000003	-716.2299999999996
1058	0021700709	LAC vs. BOS	L	-19.82000000000005	1092.01
1057	0021700703	PHX @ IND	L	-903.3100000000001	244.77000000000004
1056	0021700705	TOR @ ATL	W	1005.2899999999998	-825.97
1054	0021700707	SAS @ MEM	W	903.1299999999997	-768.4599999999998
1053	0021700701	CHA vs. NOP	L	-546.23	361.12
1052	0021700702	UTA @ DET	W	-453.1099999999998	-626.12
1051	0021700704	PHI vs. CHI	W	33.94999999999997	-475.12999999999994
1048	0021700708	POR vs. MIN	W	118.59999999999994	635.5999999999999
1041	0021700712	DEN vs. NYK	W	94.45999999999992	-631.4700000000001
1040	0021700713	GSW vs. MIN	W	1882.79	488.6399999999999
1039	0021700710	MIA vs. SAC	L	398.46	-996.21
1038	0021700711	OKC vs. WAS	W	913.26	232.3400000000001
1033	0021700716	TOR vs. UTA	L	1066.46	-307.3999999999998
1032	0021700719	BKN @ MIL	L	-934.81	153.33
1031	0021700715	CLE vs. IND	W	462.28999999999996	236.20000000000005
1030	0021700720	HOU @ NOP	L	1022.3900000000003	502.16
1029	0021700717	CHI vs. LAL	L	-613.6999999999999	-486.7400000000001
1028	0021700723	NYK @ PHX	W	-546.8700000000001	-1041.17
1027	0021700721	DAL vs. POR	L	-853.3699999999995	260.03
1026	0021700722	SAS vs. PHI	L	816.1699999999996	101.05999999999997
1025	0021700718	LAC @ MEM	W	62.67999999999995	-831.5799999999998
1023	0021700714	CHA vs. ATL	W	-386.11999999999995	-961.9100000000001
1013	0021700728	GSW vs. BOS	W	2015.49	1152.51
1012	0021700725	IND vs. ORL	W	242.30000000000004	-1399.07
1011	0021700729	BKN @ MIN	L	-1073.11	492.09999999999985
1010	0021700726	WAS @ ATL	W	388.05000000000007	-1097.6200000000001
1008	0021700724	OKC @ DET	W	1053.26	-768.25
1006	0021700727	MIA vs. CHA	W	403.46	-390.69999999999993
1003	0021700730	DEN vs. DAL	W	236.5999999999999	-990.2699999999995
999	0021700732	PHX @ HOU	L	-1178.77	1171.8700000000003
998	0021700737	SAS vs. SAC	W	818.9599999999996	-996.9200000000001
997	0021700731	MIL @ CHI	W	295.1	-751.9999999999999
996	0021700733	LAC @ NOP	W	205.53999999999996	342.87
994	0021700735	LAL @ TOR	L	-640.3100000000002	992.4000000000001
992	0021700734	CLE vs. DET	W	601.87	-910.02
989	0021700736	PHI @ OKC	L	92.79999999999997	1192.96
985	0021700742	MIA @ DAL	W	543.8599999999999	-1126.9399999999996
984	0021700739	MIN @ ATL	L	555.9699999999999	-1008.1200000000001
983	0021700743	DEN vs. BOS	L	153.39999999999992	1077.8
982	0021700740	PHX @ MEM	L	-1316.1200000000001	-519.4399999999998
981	0021700741	MIL vs. PHI	W	436.53000000000003	-50.820000000000036
979	0021700738	IND vs. CHA	W	308.77000000000004	-530.6999999999999
973	0021700752	POR @ LAC	W	401.12999999999994	198.03999999999996
972	0021700749	SAC @ NOP	W	-983.1200000000001	198.26999999999998
971	0021700746	MIN @ TOR	L	409.5799999999999	1128.8300000000002
969	0021700745	BKN @ NYK	L	-1211.1499999999999	-401.97000000000014
968	0021700751	UTA vs. GSW	W	-162.0999999999998	1923.04
967	0021700747	CLE @ DET	L	591.16	-451.45
964	0021700744	WAS vs. OKC	W	379.1500000000001	732.37
962	0021700748	HOU vs. ORL	W	1306.8700000000003	-1534.78
960	0021700750	DEN @ SAS	L	9.86999999999992	957.1699999999996
955	0021700754	ORL vs. LAL	W	-1370.28	-779.3100000000002
954	0021700757	CLE vs. MIA	W	520.16	533.9599999999999
953	0021700760	PHX vs. DAL	W	-778.24	-1263.3799999999997
952	0021700755	ATL vs. CHA	L	-933.4100000000001	-520.4
950	0021700756	PHI @ BKN	L	-194.05000000000004	-1048.9399999999998
949	0021700753	IND vs. MEM	W	449.92	-897.0399999999998
948	0021700758	NYK @ BOS	L	-482.45000000000016	1213.57
944	0021700759	CHI @ POR	L	-890.0399999999998	541.9099999999999
939	0021700765	DEN vs. OKC	W	16.699999999999918	586.5
938	0021700763	MIN vs. MIL	W	413.5799999999999	277.63000000000005
936	0021700764	HOU @ SAS	W	1441.6700000000003	795.1299999999997
935	0021700762	WAS vs. TOR	W	519.9300000000001	1115.0300000000002
933	0021700761	MEM @ DET	L	-885.0799999999998	-307.55
929	0021700774	GSW @ SAC	W	1845.44	-984.1000000000001
928	0021700768	LAL @ BKN	W	-768.0400000000002	-976.4899999999998
927	0021700769	TOR vs. POR	W	1041.0100000000002	382.38999999999993
926	0021700771	MIL vs. NYK	W	208.41000000000005	-548.3000000000002
925	0021700772	NOP @ OKC	W	204.04999999999998	441.03
924	0021700770	PHI vs. MIA	W	-36.91000000000004	388.7699999999999
922	0021700766	IND @ CHA	L	365.77000000000004	-374.81
918	0021700773	UTA @ PHX	W	-17.19999999999979	-1005.13
915	0021700767	BOS vs. ATL	W	1349.1399999999999	-1069.18
911	0021700777	PHI @ IND	L	-44.41000000000004	296.33000000000004
909	0021700781	SAS vs. UTA	L	797.8599999999997	127.32000000000022
908	0021700783	DAL @ SAC	W	-1024.6099999999994	-1120.5400000000002
907	0021700776	MIA @ DET	L	243.95999999999992	-164.01999999999998
906	0021700778	WAS @ ORL	W	660.4100000000001	-1370.57
905	0021700775	CHI @ LAC	L	-1027.83	505.19999999999993
904	0021700780	MIN vs. NOP	W	552.9599999999999	270.2
899	0021700779	CLE vs. HOU	L	584.5699999999999	1576.2800000000002
898	0021700782	GSW @ DEN	L	1828.3600000000001	158.86999999999992
893	0021700788	OKC vs. LAL	L	295.93999999999994	-621.5000000000002
892	0021700784	BOS vs. POR	W	1484.5099999999998	237.57999999999993
891	0021700787	TOR vs. MEM	W	1177.4500000000003	-1022.8699999999998
889	0021700785	BKN vs. MIL	L	-1114.4499999999998	349.56000000000006
887	0021700789	CHA @ PHX	W	-229.62	-1142.44
886	0021700786	ATL @ NYK	W	-1054.75	-688.8600000000001
881	0021700795	SAC vs. CHI	W	-656.7700000000002	-1165.3799999999997
880	0021700790	DET vs. POR	W	-20.849999999999966	93.13999999999993
879	0021700796	DAL @ LAC	L	-950.6299999999994	272.69999999999993
878	0021700792	ORL @ MIA	W	-1206.34	99.51999999999992
877	0021700791	IND vs. WAS	L	362.24000000000007	800.6000000000001
876	0021700793	NOP vs. UTA	L	126.04999999999998	271.47000000000025
874	0021700794	CHA @ DEN	L	-459.81	300.7199999999999
867	0021700798	TOR vs. BOS	W	1313.6800000000003	1319.6899999999998
866	0021700797	ORL vs. CLE	W	-1281.9099999999999	438.69999999999993
865	0021700803	GSW vs. OKC	L	1751.14	526.2099999999999
864	0021700801	MIL @ NYK	W	490.4100000000001	-829.1300000000001
862	0021700802	PHI vs. WAS	W	-112.25000000000004	565.5100000000001
861	0021700799	MEM @ ATL	L	-1160.4199999999996	-905.12
860	0021700800	HOU @ BKN	W	1710.7000000000003	-1252.1799999999998
859	0021700804	PHX @ LAL	L	-1279.53	-475.37000000000023
851	0021700808	MEM vs. UTA	L	-1297.7299999999996	415.2700000000002
850	0021700806	MIA vs. HOU	L	-44.57000000000008	1844.9500000000003
849	0021700810	SAS @ PHX	W	1025.9799999999996	-1416.41
848	0021700807	MIN @ CLE	L	542.0799999999999	443.2299999999999
845	0021700805	BKN @ DET	L	-1389.6799999999998	121.98000000000002
841	0021700815	GSW vs. DAL	W	1824.41	-1087.0799999999995
840	0021700816	OKC @ LAL	L	291.8299999999999	-329.6300000000002
839	0021700814	CHA @ POR	L	-450.37	174.04999999999993
837	0021700813	WAS vs. BOS	L	420.1500000000001	1244.6899999999998
836	0021700811	ATL @ ORL	L	-905.94	-1132.9299999999998
835	0021700812	NYK @ TOR	L	-969.1300000000001	1449.7000000000003
829	0021700822	MIN @ CHI	L	395.9599999999999	-777.6899999999997
828	0021700821	MIL @ MIA	L	405.9700000000001	186.67999999999992
827	0021700824	UTA vs. CHA	W	558.7200000000003	-590.64
826	0021700819	ATL vs. CLE	L	-1042.19	583.1399999999999
825	0021700825	POR @ SAC	W	315.29999999999995	-1107.7900000000002
824	0021700817	DET vs. LAC	L	-260.52	414.86999999999995
822	0021700818	PHI vs. NOP	W	30.249999999999957	-17.75000000000003
820	0021700823	DEN @ HOU	L	217.26999999999992	1979.0200000000002
818	0021700820	BOS vs. IND	L	1305.1299999999999	292.86000000000007
811	0021700832	PHX vs. DEN	L	-1553.0800000000002	148.51999999999992
810	0021700831	GSW vs. SAS	W	1883.16	789.4899999999997
809	0021700827	MIL @ ORL	W	336.24000000000007	-1209.3799999999999
808	0021700830	DAL vs. LAL	W	-1073.3299999999995	-484.2700000000002
807	0021700828	LAC @ PHI	L	331.71999999999997	172.41999999999996
804	0021700829	WAS @ CHI	W	425.1500000000001	-704.7799999999997
801	0021700826	NOP @ BKN	W	63.79999999999997	-1526.9599999999998
797	0021700840	UTA @ POR	W	701.8400000000003	306.25999999999993
796	0021700839	MEM @ OKC	L	-1434.8199999999995	447.17999999999995
795	0021700834	ATL vs. DET	W	-1028.24	-253.33999999999997
794	0021700838	SAC @ MIN	L	-1169.2400000000002	400.19999999999993
792	0021700837	HOU vs. DAL	W	2112.9300000000003	-999.3799999999994
791	0021700833	TOR @ CHA	W	1585.5200000000002	-730.64
790	0021700836	IND vs. NYK	W	433.82000000000005	-1108.8700000000001
788	0021700835	BOS vs. CLE	L	1155.3899999999999	722.7799999999999
781	0021700842	NYK @ PHI	L	-1248.3500000000001	314.27
780	0021700846	PHX @ GSW	L	-1689.5500000000002	2016.76
779	0021700844	CHI vs. ORL	W	-767.2799999999997	-1346.26
778	0021700845	UTA vs. SAS	W	844.6500000000002	717.7699999999996
777	0021700841	DET vs. NOP	L	-395.84	205.67999999999998
773	0021700843	BKN vs. LAC	L	-1664.0299999999997	263.27
769	0021700852	DEN vs. SAS	W	290.0999999999999	571.4099999999996
768	0021700847	TOR vs. MIA	W	1721.14	253.25999999999993
767	0021700850	CLE @ OKC	W	862.1599999999999	287.87
766	0021700851	SAC @ DAL	W	-1080.4900000000002	-1135.8499999999995
764	0021700848	MIL vs. ATL	W	476.86000000000007	-954.1
760	0021700849	MIN vs. HOU	L	-135.22000000000008	2246.6800000000003
757	0021700857	WAS @ NYK	W	565.5000000000001	-1387.5900000000001
756	0021700859	TOR @ CHI	W	1856.5800000000002	-694.5599999999997
755	0021700861	MEM vs. OKC	L	-1571.6999999999996	443.29
754	0021700855	MIA @ PHI	L	109.54999999999993	455.81999999999994
752	0021700854	CHA @ ORL	W	-420.38	-1482.93
751	0021700856	BKN vs. IND	L	-1800.8899999999996	574.51
750	0021700853	DET vs. ATL	W	-238.02999999999997	-1090.37
749	0021700858	BOS vs. LAC	L	1006.0699999999999	405.15
748	0021700864	GSW @ POR	L	1925.21	236.94999999999993
746	0021700862	NOP vs. LAL	W	347.26	-624.2700000000002
743	0021700863	UTA vs. PHX	W	987.1500000000002	-1825.8200000000002
740	0021700860	HOU vs. SAC	W	2380.28	-1756.5400000000002
733	0021700866	LAL @ MIN	L	-764.0100000000002	544.1199999999999
731	0021700865	MIL vs. DEN	L	317.2100000000001	431.38999999999993
729	0021700871	OKC @ SAC	W	584.04	-1218.0100000000002
728	0021700868	NYK @ ORL	W	-926.5900000000001	-1619.4
726	0021700872	GSW vs. LAC	W	1848.52	396.72999999999996
725	0021700867	CHA vs. BKN	W	-424.86	-1937.5599999999997
723	0021700870	PHI @ CHI	W	597.0699999999999	-832.2299999999997
721	0021700869	CLE vs. WAS	L	701.2799999999999	705.5900000000001
717	0021700874	IND vs. ATL	W	714.9300000000001	-1226.4499999999998
716	0021700883	LAL vs. DAL	W	-528.4900000000002	-1272.1199999999994
715	0021700880	SAS @ DEN	L	425.4099999999996	572.4099999999999
714	0021700881	LAC @ PHX	W	328.02	-1961.9
713	0021700882	POR @ UTA	W	377.9699999999999	229.3500000000002
712	0021700879	NOP vs. MIA	W	488.55	-33.840000000000074
710	0021700878	CLE @ MEM	W	630.1599999999999	-1708.3699999999997
707	0021700873	BOS @ DET	W	1082.1499999999999	-244.92999999999998
705	0021700875	WAS vs. CHA	L	620.4200000000002	-279.69
703	0021700877	HOU vs. MIN	W	2513.7300000000005	-291.2000000000001
700	0021700876	TOR vs. MIL	L	1466.8400000000001	397.30000000000007
695	0021700891	LAL @ SAC	W	-532.7300000000002	-1354.2800000000002
694	0021700890	UTA vs. DAL	W	461.2700000000002	-1408.1999999999994
693	0021700886	NYK vs. BOS	L	-930.3600000000001	1218.6299999999999
691	0021700884	ORL @ PHI	L	-1755.67	738.03
688	0021700888	CHI @ MIN	L	-969.6899999999997	538.2399999999999
687	0021700887	GSW vs. OKC	W	1982.27	499.53
685	0021700885	MEM @ MIA	L	-1844.8399999999997	48.07999999999993
683	0021700889	PHX vs. POR	L	-2097.8	518.7199999999999
679	0021700896	HOU @ DEN	W	2647.04	413.1599999999999
678	0021700894	SAS @ CLE	W	579.7499999999997	694.3999999999999
677	0021700893	MIL vs. NOP	L	162.72000000000008	629.5699999999999
675	0021700892	DET @ CHA	L	-387.12999999999994	-134.86
674	0021700895	PHI @ WAS	L	353.7199999999999	550.0000000000002
669	0021700898	BOS vs. MEM	W	1354.9199999999998	-1981.1099999999997
668	0021700903	ORL @ OKC	L	-1891.75	879.77
667	0021700897	LAL @ ATL	W	-387.3100000000003	-1362.35
665	0021700900	GSW @ NYK	W	2115.88	-994.4700000000001
663	0021700901	TOR vs. DET	W	1391.92	-529.05
662	0021700904	IND @ DAL	L	555.1	-1244.0999999999995
658	0021700902	NOP vs. PHX	W	770.3199999999999	-2233.53
657	0021700905	UTA vs. HOU	L	-596.5199999999998	2780.21
656	0021700906	SAC vs. MIN	L	-1490.3600000000001	528.0099999999999
653	0021700899	CHI @ BKN	L	-1106.9399999999996	-1249.0399999999997
649	0021700910	MIL vs. WAS	L	317.8900000000001	689.9200000000002
648	0021700907	CHI @ CHA	L	-1243.9899999999998	9.649999999999977
647	0021700908	BKN @ CLE	L	-1400.3299999999997	623.3999999999999
646	0021700909	PHI @ MIA	L	209.13999999999993	190.28999999999994
645	0021700911	POR vs. SAC	W	659.2099999999999	-1626.2600000000002
643	0021700912	LAC @ DEN	W	469.63	268.6499999999999
637	0021700917	WAS vs. GSW	L	454.60000000000014	2249.35
636	0021700921	LAC vs. HOU	L	-514.04	2913.2400000000002
635	0021700920	NOP @ SAS	W	910.81	194.4299999999996
634	0021700913	DET vs. MIL	W	-295.68999999999994	173.3800000000001
633	0021700919	OKC @ DAL	W	645.3299999999999	-1169.8299999999995
632	0021700916	BOS vs. CHA	W	1491.0299999999997	-446.16
631	0021700918	MEM vs. PHX	L	-2117.1899999999996	-1619.0900000000001
623	0021700914	ORL vs. TOR	L	-2027.65	1527.42
621	0021700915	ATL vs. IND	W	-1198.08	410.02000000000004
619	0021700925	POR vs. MIN	W	799.4499999999999	517.5499999999998
618	0021700924	SAC vs. BKN	W	-1311.9900000000002	-1536.9999999999998
616	0021700923	PHI @ CLE	W	214.88999999999993	687.7399999999999
615	0021700922	MIA vs. LAL	L	-42.77000000000007	-242.2300000000003
611	0021700928	GSW @ ATL	W	2382.68	-1123.6399999999999
610	0021700933	PHX vs. OKC	L	-1544.4800000000002	785.6399999999999
609	0021700934	UTA vs. MIN	W	310.4200000000002	371.86999999999983
608	0021700930	CHI vs. DAL	W	-1005.8399999999997	-1305.9399999999994
607	0021700935	NYK @ LAC	L	-1133.3600000000001	392.03
606	0021700929	WAS vs. TOR	L	534.0400000000002	1662.75
605	0021700926	DET @ ORL	L	-377.05999999999995	-1638.38
604	0021700927	CHA @ PHI	L	-362.27000000000004	355.9599999999999
601	0021700931	MEM vs. DEN	L	-2253.0899999999997	274.4599999999999
596	0021700932	IND @ MIL	W	640.26	29.19000000000011
591	0021700937	CLE vs. DEN	L	541.8499999999999	415.56999999999994
590	0021700939	BOS @ HOU	L	1326.9699999999998	3046.1400000000003
589	0021700940	LAL @ SAS	W	-97.47000000000031	498.86999999999966
588	0021700941	POR vs. OKC	W	939.4499999999999	325.7199999999999
586	0021700938	MIA vs. DET	W	113.89999999999993	-518.73
585	0021700936	MEM @ ORL	L	-2388.8199999999997	-1488.94
582	0021700942	UTA @ SAC	W	377.6400000000002	-1312.5500000000002
577	0021700947	MIL vs. PHI	W	185.30000000000013	346.7699999999999
575	0021700944	TOR vs. CHA	W	1797.91	-503.13000000000005
574	0021700946	NOP @ DAL	W	1051.05	-1441.8799999999994
573	0021700948	LAC vs. BKN	W	533.4	-1673.4799999999998
571	0021700945	IND @ WAS	W	555.82	388.8100000000002
569	0021700943	PHX @ ATL	L	-1680.2500000000002	-1184.58
567	0021700949	SAC vs. NYK	W	-1148.4900000000002	-1272.0300000000002
563	0021700954	SAS vs. MEM	W	503.63999999999965	-2524.3799999999997
562	0021700951	MIL @ IND	L	251.71000000000012	696.13
561	0021700956	POR @ LAL	W	1079.2199999999998	-328.0300000000003
560	0021700953	BOS @ CHI	W	1252.7399999999998	-932.5099999999996
559	0021700950	CLE vs. DET	W	546.29	-660.14
556	0021700955	UTA vs. ORL	W	519.5900000000001	-1489.88
551	0021700952	PHX @ MIA	L	-1815.8600000000001	255.8499999999999
549	0021700964	LAC vs. NOP	L	-75.49000000000001	1191.05
548	0021700957	PHI @ CHA	W	277.3299999999999	-643.75
547	0021700959	WAS vs. MIA	W	468.89000000000016	247.5399999999999
546	0021700963	BKN @ GSW	L	-1809.7899999999997	2515.8799999999997
545	0021700958	TOR vs. ATL	W	1932.91	-1110.35
543	0021700962	POR vs. NYK	W	1218.7599999999998	-1410.4900000000002
540	0021700960	OKC vs. HOU	L	555.5699999999999	3178.9200000000005
539	0021700961	DEN @ DAL	L	406.42999999999995	-1352.6499999999994
533	0021700967	MEM @ CHI	L	-2659.7699999999995	-994.5399999999996
532	0021700966	TOR @ DET	W	2067.75	-801.29
531	0021700971	ORL @ LAL	L	-1626.19	-393.8900000000003
529	0021700970	DEN vs. CLE	L	262.04999999999995	686.06
528	0021700969	NOP @ SAC	W	1330.82	-1974.2600000000002
527	0021700968	HOU @ MIL	W	3311.5800000000004	107.86000000000013
526	0021700965	UTA @ IND	W	661.2800000000002	611.21
519	0021700973	PHI @ MIA	L	343.18999999999994	178.9799999999999
518	0021700974	MIN vs. BOS	L	226.49999999999983	1388.8799999999999
517	0021700972	BKN @ CHA	W	-1645.9299999999998	-784.1300000000001
514	0021700975	PHX @ OKC	L	-1951.3100000000002	785.7199999999999
513	0021700976	GSW vs. SAS	W	2648.9599999999996	118.71999999999969
509	0021700982	NOP vs. WAS	L	720.3599999999999	609.2700000000001
508	0021700978	IND vs. ATL	W	616.0600000000001	-1246.49
507	0021700981	NYK @ MIL	L	-1548.7500000000002	114.30000000000013
506	0021700977	DET vs. CHI	W	-642.1999999999999	-921.3899999999996
504	0021700985	SAC vs. ORL	W	-1210.4000000000003	-1762.3300000000002
503	0021700984	GSW @ POR	L	2256.9099999999994	1358.08
502	0021700979	HOU @ TOR	L	2169.1200000000003	2202.44
497	0021700980	UTA @ MEM	W	802.7200000000003	-2795.0
495	0021700986	LAC vs. CLE	W	455.37	675.5999999999999
492	0021700983	DEN vs. LAL	W	267.96	-324.51000000000033
489	0021700989	DAL vs. MEM	W	-1203.2599999999993	-2930.08
487	0021700987	CHA vs. PHX	W	-249.2800000000001	-2086.6000000000004
485	0021700990	SAS @ OKC	L	423.5699999999997	701.16
484	0021700988	WAS @ MIA	L	524.4200000000001	320.69999999999993
483	0021700991	LAC vs. ORL	W	596.52	-1898.3000000000002
479	0021700994	MIN vs. GSW	W	381.42999999999984	2104.7499999999995
478	0021701000	LAL vs. CLE	W	-315.42000000000036	529.92
477	0021700992	TOR @ NYK	W	2336.99	-1686.8100000000002
476	0021700997	DAL vs. HOU	L	-1204.2299999999993	2091.5400000000004
474	0021700999	PHI @ BKN	W	273.80999999999995	-1571.8999999999999
473	0021700996	SAC @ DEN	L	-1361.3700000000003	409.15
469	0021700998	IND @ BOS	W	681.21	1374.85
466	0021700993	CHI @ ATL	W	-833.5899999999997	-1382.46
464	0021700995	UTA @ NOP	W	943.9100000000003	574.68
461	0021701004	POR vs. MIA	W	1497.1799999999998	312.16999999999996
460	0021701002	MEM vs. MIL	L	-3065.0099999999998	256.0200000000001
459	0021701001	SAS @ HOU	L	278.7199999999997	2224.3800000000006
457	0021701003	SAC @ OKC	L	-1422.6900000000003	841.38
453	0021701014	PHX vs. CLE	L	-2221.7400000000002	534.55
451	0021701005	PHI vs. IND	L	189.71999999999997	821.14
449	0021701011	NOP vs. CHA	W	579.31	-479.2100000000001
448	0021701010	LAC @ CHI	W	737.43	-910.5999999999997
447	0021701007	OKC @ ATL	W	981.38	-1518.27
446	0021701015	LAL vs. DEN	W	-246.09000000000037	400.10999999999996
445	0021701013	UTA vs. DET	W	1084.8700000000003	-1022.8699999999999
444	0021701012	ORL @ SAS	L	-2034.1100000000001	659.1599999999996
443	0021701009	NYK vs. DAL	L	-1824.68	-1265.5499999999993
442	0021701008	BKN vs. TOR	L	-1708.2199999999998	2471.3900000000003
441	0021701006	MIN @ WAS	W	446.64999999999986	454.35
431	0021701017	BOS vs. WAS	L	1225.6599999999999	534.57
430	0021701018	MIA @ SAC	L	168.39999999999995	-1333.8500000000004
428	0021701019	LAL @ GSW	L	-252.05000000000038	2102.9899999999993
427	0021701016	MIL @ ORL	L	247.49000000000012	-1794.7600000000002
423	0021701025	SAS vs. NOP	W	499.8799999999997	644.2399999999999
422	0021701026	DET @ DEN	L	-713.8299999999999	330.8299999999999
421	0021701020	IND vs. TOR	L	735.85	2605.65
419	0021701028	POR vs. CLE	W	1636.08	599.4799999999999
418	0021701022	NYK vs. PHI	L	-1962.3600000000001	870.39
415	0021701023	LAC @ HOU	L	503.0999999999999	2357.1000000000004
411	0021701024	CHI @ MEM	W	-972.9499999999997	-3199.79
410	0021701027	UTA vs. PHX	W	1225.5900000000004	-2356.7400000000002
408	0021701021	CHA @ ATL	W	-244.43000000000006	-1653.92
405	0021701029	BOS @ ORL	W	1226.82	-1720.2600000000002
404	0021701033	GSW vs. SAC	L	2161.609999999999	-1259.8500000000004
403	0021701030	PHI vs. BKN	W	411.34999999999997	-1844.3799999999999
402	0021701032	LAC @ OKC	L	508.53999999999996	1121.17
401	0021701034	LAL vs. MIA	L	-393.2800000000004	249.89999999999995
400	0021701031	TOR vs. DAL	W	2739.78	-1191.7099999999994
393	0021701045	POR vs. DET	W	1774.78	-854.55
392	0021701043	SAC @ UTA	L	-1261.1900000000003	1366.0900000000004
390	0021701036	HOU @ NOP	W	2489.7100000000005	498.94999999999993
389	0021701038	NYK vs. CHA	W	-1424.8600000000001	-474.43000000000006
388	0021701042	MIN @ SAS	L	436.64999999999986	640.3799999999997
386	0021701041	MIL vs. ATL	W	553.7200000000001	-1789.42
385	0021701037	BKN vs. DAL	W	-1680.3799999999999	-1328.2099999999994
384	0021701039	CLE @ CHI	W	529.1899999999999	-900.1199999999997
382	0021701044	GSW @ PHX	W	2085.109999999999	-2491.6000000000004
380	0021701040	DEN @ MEM	L	396.8299999999999	-1909.4299999999998
379	0021701035	WAS vs. IND	W	600.07	590.35
371	0021701049	POR @ LAC	W	1913.28	364.26
370	0021701047	BOS @ NOP	L	1288.32	503.94999999999993
368	0021701046	TOR vs. OKC	L	1673.7800000000002	1260.75
367	0021701048	HOU @ MIN	W	2622.2100000000005	291.4399999999999
363	0021701057	DET @ SAC	W	-695.05	-1397.8600000000004
362	0021701055	CHI @ NYK	L	-1037.6199999999997	-1277.18
361	0021701054	MIA vs. DEN	W	316.65999999999997	252.5999999999999
359	0021701052	PHI vs. CHA	W	552.0699999999999	-614.71
357	0021701050	MIL @ CLE	L	170.2200000000001	669.1899999999999
355	0021701056	SAS vs. GSW	W	780.6599999999996	2143.979999999999
353	0021701053	MEM @ BKN	L	-1908.9299999999998	-1606.2299999999998
352	0021701051	LAL @ IND	L	-534.2800000000004	745.14
347	0021701062	ATL @ UTA	W	-1474.77	831.3700000000003
346	0021701061	DAL @ NOP	L	-1464.5499999999993	644.2299999999999
343	0021701060	LAC @ MIN	L	220.26	521.5099999999999
342	0021701063	PHX vs. DET	L	-2626.32	-625.3299999999999
340	0021701064	HOU @ POR	W	2754.6000000000004	701.5899999999999
339	0021701059	OKC @ BOS	L	950.13	1214.6599999999999
338	0021701058	TOR @ ORL	W	2047.65	-1856.1100000000001
333	0021701070	MIL vs. LAC	L	101.49000000000012	376.53
332	0021701071	SAS vs. WAS	W	920.7299999999997	290.35
331	0021701068	NYK @ MIA	L	-1429.8200000000002	458.18999999999994
330	0021701067	BKN vs. CHA	L	-1607.4099999999999	-604.7800000000001
329	0021701065	TOR @ CLE	L	1881.89	808.9799999999999
327	0021701069	DEN @ CHI	W	408.63999999999993	-1174.9399999999996
323	0021701066	PHI vs. MEM	W	692.5699999999999	-1968.7899999999997
320	0021700809	NOP vs. IND	W	784.3	510.21000000000004
317	0021701076	UTA @ DAL	W	986.4400000000004	-1600.7299999999993
316	0021701072	MEM @ CHA	L	-2103.5099999999998	-459.6400000000001
315	0021701073	ORL vs. PHI	L	-1991.8000000000002	832.8499999999999
314	0021701075	LAL @ NOP	L	-675.0500000000004	924.16
313	0021701074	HOU vs. DET	W	2886.8900000000003	-1080.8899999999999
312	0021701077	ATL @ SAC	L	-1399.98	-1384.3700000000003
305	0021701086	POR vs. BOS	L	929.7099999999999	1351.33
304	0021701082	BKN @ TOR	L	-1743.9199999999998	2031.0
303	0021701085	SAS vs. UTA	W	1060.5899999999997	451.7800000000004
302	0021701087	GSW vs. ATL	W	2142.729999999999	-1535.53
301	0021701078	LAC @ IND	L	443.05999999999995	590.07
300	0021701080	PHX @ CLE	L	-2760.9100000000003	948.56
299	0021701083	MIL @ CHI	W	333.0200000000001	-1312.0899999999997
298	0021701081	NYK vs. MIN	L	-1417.7700000000002	436.84999999999985
293	0021701079	DEN @ WAS	W	399.93999999999994	445.4200000000001
292	0021701084	OKC vs. MIA	W	879.32	374.48999999999995
285	0021701093	DAL vs. CHA	L	-1736.7599999999993	-314.7800000000001
284	0021701090	ORL vs. PHX	W	-1902.3500000000001	-2895.3700000000003
283	0021701088	PHI vs. MIN	W	972.92	426.98999999999984
281	0021701089	DET vs. CHI	W	-396.7099999999999	-1449.0799999999997
280	0021701092	MEM vs. LAL	L	-2238.0999999999995	-515.6100000000004
278	0021701091	NOP @ HOU	L	763.8199999999999	3019.0800000000004
273	0021701095	SAS @ MIL	L	675.2499999999997	249.80000000000013
272	0021701097	LAC @ TOR	W	374.35999999999996	2015.46
271	0021701100	OKC vs. POR	L	943.7900000000001	933.1299999999999
269	0021701096	MIA @ IND	L	230.56999999999994	730.21
267	0021701101	ATL @ HOU	L	-1670.94	3151.1700000000005
266	0021701098	NYK @ WAS	W	-1405.5400000000002	300.76000000000005
264	0021701094	CLE @ BKN	W	1087.94	-1880.2699999999998
261	0021701099	SAC vs. BOS	L	-1460.7200000000003	1487.84
259	0021701102	GSW vs. UTA	L	2126.8399999999992	756.9200000000004
255	0021701103	CHA vs. NYK	W	-170.18000000000006	-1333.14
254	0021701104	LAL @ DET	L	-445.95000000000033	-552.3199999999999
253	0021701105	DEN @ PHI	L	391.0199999999999	1112.78
250	0021701106	MEM @ MIN	W	-1997.5599999999995	281.91999999999985
248	0021701107	PHX vs. BOS	L	-3029.7000000000003	1624.1899999999998
245	0021701108	SAS @ WAS	L	604.7199999999997	456.37000000000006
244	0021701115	MIL @ LAC	L	166.35000000000014	515.91
243	0021701113	DAL @ SAC	W	-1497.6399999999994	-1447.3900000000003
242	0021701114	GSW vs. IND	L	1975.829999999999	870.14
241	0021701111	HOU vs. CHI	W	3283.1700000000005	-1585.8999999999996
238	0021701112	NOP vs. POR	L	618.29	1071.85
237	0021701109	TOR vs. DEN	W	2014.79	246.88999999999993
232	0021701110	MIA vs. CLE	W	236.89999999999992	852.13
229	0021701116	CHA vs. CLE	L	-325.8400000000001	781.13
228	0021701119	MEM vs. POR	W	-1921.8899999999994	1060.3799999999999
226	0021701122	LAC @ PHX	W	657.24	-3163.9100000000003
225	0021701123	LAL vs. DAL	W	-511.56000000000034	-1423.3699999999994
224	0021701117	ORL vs. BKN	L	-1827.7600000000002	-1791.4699999999998
220	0021701121	BOS @ UTA	W	1760.3899999999999	522.3200000000004
219	0021701118	NYK @ PHI	L	-1471.0300000000002	1252.44
218	0021701120	ATL @ MIN	L	-1806.21	512.1199999999999
213	0021701124	DET vs. WAS	W	-408.18999999999994	447.24000000000007
212	0021701127	IND @ SAC	W	1009.88	-1583.9000000000003
211	0021701125	CHI @ MIA	L	-1722.5699999999997	378.4799999999999
208	0021701128	GSW vs. MIL	L	1825.159999999999	322.6800000000001
207	0021701126	SAS vs. OKC	W	609.4599999999997	798.07
203	0021701130	PHI @ ATL	W	1391.9099999999999	-1941.3400000000001
202	0021701137	LAC @ POR	L	573.36	988.7399999999999
200	0021701131	CLE vs. NOP	W	920.41	473.03
198	0021701135	MEM @ UTA	L	-1921.5599999999995	752.5200000000004
197	0021701136	LAL vs. MIL	L	-441.9600000000003	314.2600000000001
196	0021701134	MIN @ DAL	W	427.5699999999998	-1559.4199999999994
194	0021701132	HOU vs. PHX	W	3415.0800000000004	-3298.0000000000005
189	0021701133	DEN @ OKC	W	253.00999999999993	652.62
188	0021701129	ORL vs. CHI	L	-1963.4900000000002	-1334.0799999999997
185	0021701142	GSW @ SAC	W	1899.829999999999	-1720.2600000000002
184	0021701138	WAS vs. CHA	W	377.9000000000001	-466.7500000000001
183	0021701140	TOR @ BOS	L	1624.46	1896.4399999999998
182	0021701139	NYK vs. DET	L	-1608.7600000000002	-264.30999999999995
180	0021701141	BKN @ MIA	W	-1642.5199999999998	369.8399999999999
175	0021701144	WAS @ CHI	L	368.8100000000001	-1185.4399999999996
174	0021701154	POR vs. MEM	W	1127.3799999999999	-2056.5599999999995
173	0021701145	HOU @ SAS	L	2721.9000000000005	749.4599999999997
172	0021701147	ORL @ ATL	L	-2099.08	-1701.3400000000001
171	0021701150	NOP vs. OKC	L	328.03	957.43
170	0021701152	DEN vs. MIL	W	394.36999999999995	230.62000000000012
168	0021701151	UTA @ MIN	W	892.9700000000005	417.8299999999998
166	0021701149	CLE vs. DAL	W	1059.5	-1695.3299999999995
165	0021701148	DET @ BKN	W	-120.66999999999996	-1643.8799999999997
164	0021701155	LAL vs. SAC	L	-582.6200000000003	-1481.4800000000002
163	0021701146	IND @ LAC	W	1149.4299999999998	429.27000000000004
162	0021701143	PHI @ CHA	W	1531.19	-607.46
156	0021701153	PHX @ GSW	L	-3431.9700000000003	2034.829999999999
149	0021701166	UTA vs. LAL	W	1033.2300000000005	-723.0700000000004
148	0021701159	NYK vs. ORL	L	-1746.3200000000002	-1784.5300000000002
146	0021701162	MIL vs. BOS	W	236.77000000000012	1582.35
145	0021701161	HOU vs. WAS	W	2643.6300000000006	299.5200000000001
144	0021701163	OKC vs. GSW	L	647.4899999999999	2169.699999999999
143	0021701156	TOR @ CLE	L	1849.01	1198.4099999999999
141	0021701160	CHI vs. CHA	W	-1037.1099999999997	-747.9700000000001
140	0021701168	LAC vs. SAS	W	435.42	739.2699999999996
139	0021701157	BKN @ PHI	L	-1780.5499999999997	1670.28
138	0021701167	PHX vs. SAC	W	-2440.8300000000004	-1482.5600000000002
137	0021701165	IND @ DEN	L	763.79	535.52
136	0021701158	MIA vs. ATL	W	300.9899999999999	-1626.21
132	0021701164	DAL vs. POR	W	-1606.0999999999995	1115.84
123	0021701170	DAL @ ORL	L	-1531.7299999999996	-1859.8500000000001
122	0021701169	DET vs. PHI	L	-1177.27	1809.19
121	0021701173	NOP vs. MEM	W	483.28999999999996	-2191.4299999999994
120	0021701174	SAS @ LAL	L	593.8899999999996	-638.3300000000004
117	0021701171	BOS @ TOR	L	1433.12	1923.8799999999999
113	0021701172	MIA @ ATL	W	442.3799999999999	-1761.4
111	0021701176	CLE vs. WAS	W	1337.1399999999999	155.47000000000008
110	0021701179	LAC @ UTA	L	501.81	1173.2900000000004
108	0021701178	MIL vs. BKN	L	303.1600000000001	-1767.0699999999997
107	0021701175	GSW @ IND	L	2079.449999999999	842.9699999999999
105	0021701180	MIN @ DEN	L	272.8899999999998	676.4699999999999
104	0021701177	HOU vs. POR	W	2775.7200000000007	969.1299999999999
99	0021701188	SAC @ MEM	W	-1543.9400000000003	-2326.1799999999994
98	0021701189	NOP @ PHX	W	623.8	-2439.5800000000004
97	0021701187	IND @ TOR	L	907.41	1984.07
96	0021701185	BOS vs. CHI	W	1434.1999999999998	-1114.0699999999997
95	0021701186	MIA @ NYK	L	433.5699999999999	-1583.7300000000002
93	0021701184	WAS vs. ATL	L	11.660000000000082	-1746.46
92	0021701181	DET vs. DAL	W	-344.10999999999996	-1667.6699999999996
91	0021701182	CHA @ ORL	W	-588.2800000000001	-1860.4800000000002
89	0021701190	LAL vs. MIN	L	-568.3900000000003	278.1999999999998
88	0021701183	CLE @ PHI	L	1100.6999999999998	1947.92
79	0021701191	DEN @ LAC	W	817.2199999999999	358.0
78	0021701193	CHI vs. BKN	L	-1251.3199999999997	-1618.4499999999998
77	0021701196	POR @ SAS	L	822.6899999999998	748.7699999999996
76	0021701195	NOP @ GSW	W	764.1099999999999	1929.0699999999988
75	0021701192	MIL @ NYK	W	234.35000000000008	-1510.9800000000002
74	0021701194	OKC @ HOU	W	727.3699999999999	2757.7200000000007
67	0021701199	MEM vs. DET	W	-2160.7999999999993	-350.72999999999996
66	0021701197	CHA vs. IND	L	-518.4000000000001	836.67
65	0021701202	ATL @ BOS	W	-1596.4	1420.58
64	0021701198	DAL @ PHI	L	-1803.4699999999996	2086.48
63	0021701200	TOR vs. ORL	W	2119.13	-1996.4200000000003
61	0021701203	GSW @ PHX	W	1929.0099999999989	-2498.6500000000005
60	0021701201	LAL vs. UTA	L	-708.7000000000003	1313.1700000000005
53	0021701206	MIA vs. OKC	L	289.5599999999999	867.4899999999999
52	0021701209	MEM @ MIN	L	-2160.3099999999995	418.7599999999998
51	0021701210	SAS vs. SAC	W	738.8899999999996	-1470.1700000000003
50	0021701204	TOR @ DET	W	2254.0699999999997	-492.58
49	0021701207	NYK vs. CLE	L	-1648.5100000000002	1029.1
48	0021701212	NOP @ LAC	W	904.2299999999999	214.42000000000002
47	0021701205	CHI @ BKN	L	-1388.4199999999996	-1470.12
45	0021701211	POR @ DEN	L	676.5199999999999	957.7799999999999
44	0021701208	MIL vs. ORL	W	375.7700000000001	-2132.2200000000003
35	0021701214	PHI @ ATL	W	2224.88	-1596.64
34	0021701215	WAS vs. BOS	W	243.0800000000001	1346.81
33	0021701216	DAL vs. PHX	L	-1939.1399999999996	-2257.6100000000006
32	0021701218	LAL vs. HOU	L	-848.8200000000003	2679.6300000000006
31	0021701217	UTA vs. GSW	W	1452.8600000000006	1989.2499999999989
30	0021701213	CHA @ IND	W	-583.7700000000001	901.18
23	0021701225	DEN @ MIN	L	648.1499999999999	559.1299999999999
22	0021701230	SAC vs. HOU	W	-1531.6900000000003	2736.890000000001
21	0021701228	LAC vs. LAL	L	71.07	-538.7600000000003
19	0021701227	OKC vs. MEM	W	1007.43	-2220.1299999999997
18	0021701229	UTA @ POR	L	1142.3700000000006	830.6099999999999
17	0021701226	NOP vs. SAS	W	1044.17	428.8299999999997
16	0021701221	MIA vs. TOR	W	295.77999999999986	2088.89
15	0021701224	CHI vs. DET	L	-1525.3699999999997	-259.22999999999996
14	0021701223	MIL @ PHI	L	366.9900000000001	2363.11
12	0021701222	WAS @ ORL	L	234.7300000000001	-2042.8900000000003
11	0021701219	BKN @ BOS	L	-1547.07	1348.33
3	0021701220	CLE vs. NYK	L	1092.76	-1635.8900000000003
